Melodie.VanDerVlies@edu.tbz.ch;xoLBdzRr9tEq
Angele.Edgecumbe@edu.tbz.ch;Zb5VQeFF0oMM
Zhi.Andreasson@edu.tbz.ch;IMnOcDjqmlvB
Judicael.Koppeck@edu.tbz.ch;p6X5sg89WMWL
Berengere.Capron@edu.tbz.ch;9QOSoAexMSB3
Leonie.Brosini@edu.tbz.ch;EqP9V5titqpt
Venus.Garfit@edu.tbz.ch;hELkFPJSV1NY
Melina.Janota@edu.tbz.ch;McCv34bH3nwq
Laurene.Bake@edu.tbz.ch;5dU0mlD9ngWB
Regine.Dorkins@edu.tbz.ch;FTxWkSwozaTh
Cecile.Moffet@edu.tbz.ch;bN5uwSXm1sDo
Maelann.Labrone@edu.tbz.ch;2MfqVnqieJX9
Melinda.Newbold@edu.tbz.ch;dxnzO31l7t7m
Mans.Itzhak@edu.tbz.ch;pF2Gt11I4wDC
Melodie.Pattlel@edu.tbz.ch;SDDZjOQF2iwP
Celine.Bonett@edu.tbz.ch;GVlSKYAyx4zW
Adelie.McGreal@edu.tbz.ch;Vmf7WqCzXNjD
Helene.Soldan@edu.tbz.ch;VzxLUaVGOiXW
Michele.Cluer@edu.tbz.ch;T0y687iBtIV8
Maeline.Muller@edu.tbz.ch;tgtJX90acm2E
Maelann.Benedito@edu.tbz.ch;KOjMGrfoJrdt
Nuo.Gransden@edu.tbz.ch;cnOPP98MYbaB
Berengere.Stainton@edu.tbz.ch;JPuIpgCXOWW4
Wa.Sabater@edu.tbz.ch;22tHjWRazKW1
Anais.Cochran@edu.tbz.ch;wzx8OMCaiavr
Gerald.Bessant@edu.tbz.ch;UNPcfM62MTYs
Ruo.Coffin@edu.tbz.ch;2x9pK9cEZCXh
Melodie.Mustill@edu.tbz.ch;SVqn0R6KMpSX
Ruo.Stanesby@edu.tbz.ch;jKzz59XwYAAW
Noemie.Antognelli@edu.tbz.ch;uIc6HP1QKIUI
Maelann.Hughson@edu.tbz.ch;iQ5584EtviTS
Milena.Mieville@edu.tbz.ch;iokkhKXorlLM
Mailys.Chamberlin@edu.tbz.ch;XXpu7X9240ZZ
Nadege.Tomalin@edu.tbz.ch;L5cwKWq3gmtO
Oceane.OMara@edu.tbz.ch;fIhZHFE5bZGu
Cecile.Aguirrezabala@edu.tbz.ch;Yg59W1vofg0e
Maella.Gwillim@edu.tbz.ch;02inea62hH8s
Lea.McGahey@edu.tbz.ch;AGVHZudgM7IN
Laurene.Hagerty@edu.tbz.ch;NyvR6PaF45MF
Dorothee.Link@edu.tbz.ch;tOzlTfIxJ7Eu
Clementine.Kynsey@edu.tbz.ch;kwXKLaDKZKDz
Lorene.Smitherman@edu.tbz.ch;kZUqb8OtxW6O
Cleopatre.Klulicek@edu.tbz.ch;rzFh9So9qDEX
Laurene.Castaneda@edu.tbz.ch;SGa43bXsHhaf
Melia.Constant@edu.tbz.ch;y0Iw4XHW097g
Lucrece.Clunie@edu.tbz.ch;fsAvP6YOpjEL
Eleonore.McMurthy@edu.tbz.ch;zzlI9Nt5WlMa
Melia.Bevar@edu.tbz.ch;wHOEasQbtAuH
Camelia.Bontine@edu.tbz.ch;k9QHv2YVW0Fa
Methode.Jozefczak@edu.tbz.ch;rcp2PO7LZr8f
Audreanne.Hinsche@edu.tbz.ch;CxUVJFdaFjUL
Andree.Varne@edu.tbz.ch;H9XhMgd1aWwh
Marten.Kinleyside@edu.tbz.ch;CIooXdKdQKLf
Esteve.McEwan@edu.tbz.ch;9W7Tly5xv0Ho
Leane.Dibbert@edu.tbz.ch;z0HHmDkz4dR2
Ma.Thewlis@edu.tbz.ch;O1cKPWxldqio
Clea.Djurkovic@edu.tbz.ch;OylX5I9dINeZ
Rachele.Reburn@edu.tbz.ch;f3XXEFsH7bFr
Gerald.Gowling@edu.tbz.ch;3kwsZBgM9xGN
Cleopatre.Jackson@edu.tbz.ch;4BjRU98sQtHS
Desiree.Haskins@edu.tbz.ch;GYZLtgsFNYtU
Eleonore.Longson@edu.tbz.ch;ByTOC3ZCBm4m
Leane.Dybell@edu.tbz.ch;Ty7aRN3aBg90
Becassine.Grzesiak@edu.tbz.ch;TzqqpZacIpCk
Marie-josee.Pickin@edu.tbz.ch;IUMvcPqrpKlQ
Marie-josee.Roxby@edu.tbz.ch;1bdDEpDFdCe8
Leonie.Feenan@edu.tbz.ch;IYj8t554GlPR
Valerie.Ellum@edu.tbz.ch;yT0Ng8WDAJ5B
Ju.Caseri@edu.tbz.ch;oav8T1dZ3jBL
Borje.Strangman@edu.tbz.ch;Um2VuboLVeVA
Beatrice.Ghidelli@edu.tbz.ch;i6S9hwxGWJyR
Da.Jablonski@edu.tbz.ch;TPmRAEV8N7wW
Uo.Beveridge@edu.tbz.ch;cnmSe83MHFxE
Valerie.Bestman@edu.tbz.ch;P4nVVi6BD2Eu
Marlene.Pohls@edu.tbz.ch;vdSRghAzVMGh
Ma.Nolda@edu.tbz.ch;cAfdKbQU9JPt
Marlene.Bisiker@edu.tbz.ch;Jw5c7SIRBPNM
Estee.Babon@edu.tbz.ch;1jhDsZZANdwN
Simplifies.Dmisek@edu.tbz.ch;JPegaYN4XDzg
Selene.Ganing@edu.tbz.ch;3t9HOA76GCSY
Meryl.Penke@edu.tbz.ch;lp4eqsTcQCeS
Anais.Rawcliff@edu.tbz.ch;AtIBDYwyNRSR
Melina.Andri@edu.tbz.ch;Ukfn89Z9gtIs
Audreanne.Fodden@edu.tbz.ch;hYT2nAKI42Tv
Bjorn.Spellesy@edu.tbz.ch;adSnlVLcE76s
Francoise.Summerscales@edu.tbz.ch;l8D8t99WXMm2
Laurene.Ashtonhurst@edu.tbz.ch;6Bybjkt7oBuv
Valerie.Petters@edu.tbz.ch;pqaIYdPber9O
Anael.Spenclay@edu.tbz.ch;SltxjF6MYJpd
Stephanie.Keech@edu.tbz.ch;rCn5b7aQHshX
Ines.Deveril@edu.tbz.ch;5HgRbKG4svbX
Berenice.Gelder@edu.tbz.ch;q2EbMcKCIBSP
Melanie.OFogerty@edu.tbz.ch;FfNlrm6IqvKR
Frederique.Canepe@edu.tbz.ch;I9mHk1MTe4kB
Nuo.Otton@edu.tbz.ch;f2Wmlodq8MEF
Genevieve.Trusler@edu.tbz.ch;g5087JfgN78h
Ju.Boag@edu.tbz.ch;IL2BidnsU2CK
Josephine.DiLucia@edu.tbz.ch;1S7QeBMBzpJm
Laurene.Armsden@edu.tbz.ch;y2dwAMx0a1ug
Becassine.Griffe@edu.tbz.ch;NmC52seBxJDM
Alois.Parres@edu.tbz.ch;bArnfoFDCXK6
Cleopatre.Gaffey@edu.tbz.ch;Zv2NYJpXsLEw
Andre.Stiger@edu.tbz.ch;tlFy4x8Rystt
Beatrice.Godleman@edu.tbz.ch;e72gapentBGR
Hakan.Harrhy@edu.tbz.ch;3m72BfD9w4WS
Celestine.Dagnan@edu.tbz.ch;BDw9gqfXLG5o
Clemence.Haggart@edu.tbz.ch;5UQfg9sZByv2
Long.Caban@edu.tbz.ch;LuXsHNesUDfA
Gaetane.Grimble@edu.tbz.ch;idrXneGpczu6
Maelann.Piwall@edu.tbz.ch;jD4Na0EkEkyy
Magdalene.Loble@edu.tbz.ch;dbY0ExsZCtQT
Veronique.Domaschke@edu.tbz.ch;nUd9kU5iYPTg
Clea.Herity@edu.tbz.ch;UXkAqdVB6WGl
Maelann.Bambrough@edu.tbz.ch;UwdXLK8QClc3
Clea.Goulstone@edu.tbz.ch;rUPwjldP9ZcC
Renee.DeLeek@edu.tbz.ch;KURNEl4NMdno
Borje.Rudderham@edu.tbz.ch;lgA2X9GtmXJE
Marylene.Broune@edu.tbz.ch;YwMIGqtqo2sf
Nadege.McCuish@edu.tbz.ch;IGJgrlQnULBR
Anael.Littleover@edu.tbz.ch;OIsGCmMCkqWL
Lie.Baume@edu.tbz.ch;B0M3pVYBAtad
Maella.Murrow@edu.tbz.ch;EZDiHda4ZMSD
Cleopatre.Pettifor@edu.tbz.ch;p4qJpDWpCV5H
Geraldine.Asker@edu.tbz.ch;MycAiUvHsCCM
Gaetane.Smedmore@edu.tbz.ch;ZRYtIL7B3HHR
Meryl.Blencoe@edu.tbz.ch;2NmOMifNs5UI
Aurelie.Chastaing@edu.tbz.ch;mth8Rs954Q5m
Oceanne.Marthen@edu.tbz.ch;YPv2OsZZSPNm
Dorothee.Burrill@edu.tbz.ch;zurlmARfI1g7
Hakan.Belden@edu.tbz.ch;rVepbDxWCzyF
Celine.Brunning@edu.tbz.ch;rI94y8pLrYNf
Anael.Lapides@edu.tbz.ch;4bB9pyxj1AUO
Ruo.Saffran@edu.tbz.ch;dwkkQ9GCEL39
Loic.Gerretsen@edu.tbz.ch;k1hOXxq6JlBW
Rui.Fitzer@edu.tbz.ch;SlTwotR9UZtG
Annotee.Ogers@edu.tbz.ch;vlwBQGSO3LyY
Borje.Bindin@edu.tbz.ch;2I0TAavb5ioL
Ma.Cronchey@edu.tbz.ch;9yCwqVMrgMZY
Laurelie.Baiyle@edu.tbz.ch;cpcoGQDO9l4k
Dorothee.Older@edu.tbz.ch;vXtmYHdDF96S
Laurena.Wile@edu.tbz.ch;HIy8Gp3L67sd
Clemence.Brito@edu.tbz.ch;72UU6lH71szh
Nadege.Dallin@edu.tbz.ch;Y61yUWIF5LnD
Mailis.Matley@edu.tbz.ch;eCgbFHIM0DBN
Daniele.Screaton@edu.tbz.ch;rk5AisQ3FgrD
Mediamass.Godly@edu.tbz.ch;xT6fXQGSPSju
Leone.Kremer@edu.tbz.ch;Uk2DEjafPcus
Asa.Adrian@edu.tbz.ch;2jQv5KU6oOJ3
Adele.Doley@edu.tbz.ch;aD3DVNbTTjUu
Fei.Sidney@edu.tbz.ch;f8Jg5vJWgm4x
Marie-josee.Walisiak@edu.tbz.ch;YRb0xYwGeEuo
Desiree.Diplock@edu.tbz.ch;a1mCn42FVC0Z
Gisele.Schust@edu.tbz.ch;2l45qJFGVNzv
Ma.Longshaw@edu.tbz.ch;U4L9facznNdH
Da.Boother@edu.tbz.ch;RdRkwdTMbRWR
Simplifies.Chaudhry@edu.tbz.ch;agnsZLIH6B1T
Garcon.Baniard@edu.tbz.ch;EYGCySJfapbN
Gaetane.Elphee@edu.tbz.ch;fUwhcD32y7hc
Gisele.Hassey@edu.tbz.ch;YKbJZuJpa7UM
Oceanne.Booley@edu.tbz.ch;RDneufex6Jt0
Orjan.Dibden@edu.tbz.ch;Irg2bp8nobpo
Regine.OCleary@edu.tbz.ch;jkjni2xhLG5I
Selene.Persse@edu.tbz.ch;DZHB3MIEVsTk
Helena.Adenot@edu.tbz.ch;OlLklLcj5dn8
Maelann.Wassung@edu.tbz.ch;2rGnL7Z94Ocp
Frederique.Ackermann@edu.tbz.ch;s1IB0ZNz6XTP
Audreanne.Kahen@edu.tbz.ch;McanZ1ScpTae
Maiwenn.Lasty@edu.tbz.ch;1pt5bnaKBrUY
Yu.Dictus@edu.tbz.ch;oHgYT5B8kUU9
Anae.Dukes@edu.tbz.ch;r8cwO3lNROmi
Yenora.Warr@edu.tbz.ch;2uTwrkOntqbs
Esbjorn.Archibold@edu.tbz.ch;5NPu041ivyMn
Milena.Pardal@edu.tbz.ch;R61SEEvXiqBt
Celestine.Graveston@edu.tbz.ch;px56co1BOF2h
Maena.Dallas@edu.tbz.ch;IfiSQSH3Hq7s
Andree.Tuke@edu.tbz.ch;z7Bi1WMnVQxH
Methode.Seldner@edu.tbz.ch;laka29xQk5wi
Venus.Bullas@edu.tbz.ch;ejNEJojpSyG6
Mans.Aguirrezabal@edu.tbz.ch;Vax8jJKkYhkX
Gaelle.Eadington@edu.tbz.ch;GMqNA6LvwoxJ
Anaelle.Falkner@edu.tbz.ch;mwvGih4XZu8d
Ophelie.Height@edu.tbz.ch;MiVqJnvizcHN
Marten.Bolding@edu.tbz.ch;daFwqKruRwBi
Pelagie.Guswell@edu.tbz.ch;VxLEngM3i1Vn
Gwenaelle.Lecount@edu.tbz.ch;48KU6IV2j3TM
Hakan.Laden@edu.tbz.ch;aYlCVEm85xJq
Marie-josee.Hylands@edu.tbz.ch;NwxDJmae7NsN
Zoe.Kingshott@edu.tbz.ch;ocBOV1ccHDFY
Josee.Janous@edu.tbz.ch;cmuH9iYCoEAk
Laurene.Gallally@edu.tbz.ch;EjsVRwMj4IHS
Anael.Bickle@edu.tbz.ch;OOsPrJJpRAkl
Mediamass.Lebbern@edu.tbz.ch;SyYeYPZ8Wuxn
Berengere.Hovy@edu.tbz.ch;7y1ZeFYunWnb
Orjan.Kilmurray@edu.tbz.ch;wh6L9VyxuMxV
Aslog.Venny@edu.tbz.ch;yrACrGKil1iz
Marie-noel.Stoad@edu.tbz.ch;uVTOltIbyTdN
Hakan.Pettifor@edu.tbz.ch;Bs1mpi7VLTP5
Maella.Willgrass@edu.tbz.ch;opYxmLl8amK7
Therese.Ludovici@edu.tbz.ch;bUpARELhkavL
Stephanie.Trewhitt@edu.tbz.ch;dWLzkjj8SEPd
Marta.Bauduccio@edu.tbz.ch;fQlH1bkaL1sb
Gaetane.Glaisner@edu.tbz.ch;8B8dPTxO1Sek
Naeva.Pargeter@edu.tbz.ch;QIDcGHN1wCDJ
Salome.Venable@edu.tbz.ch;hoIn3c19eDEf
Borje.Thickett@edu.tbz.ch;5O7uMdFPfSY1
Lucrece.Prendergrass@edu.tbz.ch;baJRtkab0cLn
Laurene.Ockleshaw@edu.tbz.ch;HeygzDDApJdK
Cecilia.Pasticznyk@edu.tbz.ch;rrTKHCYRqjJ6
Stevina.MacKey@edu.tbz.ch;nY21kr97vyB9
Marie-noel.Reven@edu.tbz.ch;rCLiKWdgQLUH
Melina.Quilkin@edu.tbz.ch;7rDacT8BmTQ8
Marie-noel.Ferrie@edu.tbz.ch;YWqA36lqXNAo
Leone.Alphege@edu.tbz.ch;UdWQbKpVxQBR
Zoe.Leverson@edu.tbz.ch;Wu1eqOGzwVxL
Annotes.Grayne@edu.tbz.ch;Puib0n0Kv2mr
Faites.Lalley@edu.tbz.ch;uv2U23U81uzh
Adele.Wallis@edu.tbz.ch;YYhEzQ33hL5G
Severine.Madill@edu.tbz.ch;JFDtzoSmG5Y2
Valerie.Tebb@edu.tbz.ch;WAeAC6Fcuqcu
Kalliste.Rasper@edu.tbz.ch;Js6aTV0X6w2u
Audreanne.Palomba@edu.tbz.ch;0y7P0P7czYCX
Elea.Adamik@edu.tbz.ch;vLbQ2ACWHrqv
Reserves.Jakuszewski@edu.tbz.ch;oIM2Wu4qLYHq
Athena.Belhomme@edu.tbz.ch;727Q11DijPsP
Rebecca.Crippin@edu.tbz.ch;auuIN1THDFKt
Maiwenn.Curman@edu.tbz.ch;d82ZDW4AZ72p
Andree.Bunner@edu.tbz.ch;v0rdzkgF7J16
Ruo.Winckles@edu.tbz.ch;NYjIRkb1Mse7
Naeva.Buntine@edu.tbz.ch;xgwPmpCJEGMz
Borje.Dollard@edu.tbz.ch;yN1NzazumRFZ
Penelope.Gorman@edu.tbz.ch;aqx1MaiJklFD
Alois.Robelin@edu.tbz.ch;SPTMbpveAxXR
Anaelle.Tindle@edu.tbz.ch;X7knNdYFoiCN
Ye.Frears@edu.tbz.ch;34afHCRtHhua
Andree.Ovid@edu.tbz.ch;OIZfaj9gMYrw
Hakan.Peat@edu.tbz.ch;Qdaukm3Tmlew
Andre.Januszewski@edu.tbz.ch;n7LZ7y7wHtwU
Annotes.Clemmett@edu.tbz.ch;zScdDbkTCCQG
Pal.Lambswood@edu.tbz.ch;Z6MP6rEECk6B
Yao.Lenton@edu.tbz.ch;DB9rgvNG7ka6
Hakan.Boyton@edu.tbz.ch;4b4dsOhhe9oC
Nelie.Forsey@edu.tbz.ch;zkEYQgqZE13Y
Hakan.Horche@edu.tbz.ch;OhAy6GHjOOuK
Lorene.Sinkings@edu.tbz.ch;hUYUSQvBphQz
Marie-therese.Creddon@edu.tbz.ch;mmicXbktS3P8
Berenice.Tolworthy@edu.tbz.ch;OIXepSjAxvmk
Theresa.Land@edu.tbz.ch;4gfnJCWCFPpX
Marie-therese.Gianilli@edu.tbz.ch;qiaARMRvTXHM
Meryl.Glew@edu.tbz.ch;WvI1wEXq4AP0
Adele.Debling@edu.tbz.ch;GSuAs4mUcRRn
Anae.Metzke@edu.tbz.ch;J5fxhPHFvlsr
Gaetane.Gooden@edu.tbz.ch;Z28Fv07coCpO
Laila.Bootland@edu.tbz.ch;g1NhEJYQ6kSP
Maite.Helsdon@edu.tbz.ch;Bu9ODVrfTApA
Andree.Malley@edu.tbz.ch;r77dTDXpCK4s
Pal.Simmens@edu.tbz.ch;t2saxMzw2GLe
Maelys.Nuccitelli@edu.tbz.ch;QSgEQZao1wGW
Dafnee.Sibary@edu.tbz.ch;JIDdL7ZKuawc
Alois.Harsnep@edu.tbz.ch;P7FCUHLNNl0w
Marie-helene.Lacky@edu.tbz.ch;0LvPGTWhXv6F
Mylene.Youthed@edu.tbz.ch;FBjsZVRon8nZ
Marie-helene.Dehmel@edu.tbz.ch;FY73Tu240JHr
Angele.Batman@edu.tbz.ch;wWtRGWQMGdTz
Melia.Younghusband@edu.tbz.ch;gCVhdkXGL1pN
Eloise.Baldi@edu.tbz.ch;JwnBZJEjQ4hD
Illustree.Dun@edu.tbz.ch;NDBqZUjxiOkh
Genevieve.Late@edu.tbz.ch;0gyote3HHDNK
Celestine.Colville@edu.tbz.ch;xcqBFBO5Yp1L
Gwenaelle.Scarlon@edu.tbz.ch;0YAMne98AkFc
Regine.Boddie@edu.tbz.ch;t1MxxorNSUj8
Creez.Gaughan@edu.tbz.ch;6ZZktqZcndFF
Gaia.Longford@edu.tbz.ch;oWirvVsToX8C
Mailis.Buckby@edu.tbz.ch;WbLBDTja5kyu
Song.Parbrook@edu.tbz.ch;3U92Xngoh8tf
Frederique.Heddan@edu.tbz.ch;peWWFuh1oHCe
Ake.Kirtlan@edu.tbz.ch;Pyv1D0UFFaWA
Nelie.Runciman@edu.tbz.ch;k217IcIbfdYF
Mailis.Cardnell@edu.tbz.ch;R89k11pUrAv9
Irene.Navarro@edu.tbz.ch;35WnPPtoN28Y
Maite.Cough@edu.tbz.ch;eM4VJJe7zMTM
Anaelle.Stocky@edu.tbz.ch;dAWvAB4RbuL2
Methode.Moulder@edu.tbz.ch;X786OtQqs15J
Po.Stafford@edu.tbz.ch;UBYIH9hs0clQ
Faites.Scraggs@edu.tbz.ch;pr1itF5sYLiN
Adelaide.Dullard@edu.tbz.ch;bgZTfmGK8Kqp
Desiree.Leonard@edu.tbz.ch;ZcDGGmu89a9c
Geraldine.Badgers@edu.tbz.ch;3mI4qrFILBbg
Ruo.Masic@edu.tbz.ch;nQr93vOxdXaB
Aurelie.Lieber@edu.tbz.ch;xJ5vKTeKj04C
Naelle.Balcock@edu.tbz.ch;JXg06fuEPQeB
Camelia.Elger@edu.tbz.ch;wi0t7k4xz5gX
Publicite.Oakeshott@edu.tbz.ch;AIKZIBUJ97Pf
Cleopatre.Fawley@edu.tbz.ch;RGzwQFWPeKOJ
Laurene.Bruckmann@edu.tbz.ch;2n9xqdvIXLP1
Rui.Haughton@edu.tbz.ch;Y6D2In6FwpGU
Asa.Ladewig@edu.tbz.ch;SCB0l9DJrObU
Gisele.Janecek@edu.tbz.ch;EFjV7HXTBtPJ
Maily.Loveridge@edu.tbz.ch;Ms4EQ4d60n5h
Marie-eve.Yurkiewicz@edu.tbz.ch;x7ru8S4cXAPf
Fei.Roder@edu.tbz.ch;1ovRpUYvcci9
Edmee.Chatburn@edu.tbz.ch;RBY4pfsKhJ9y
Geraldine.Darke@edu.tbz.ch;D2IcZ8Iso3GU
Ye.Jira@edu.tbz.ch;ytGMDKojEyMK
Publicite.Persent@edu.tbz.ch;kQQmZbKIPFSJ
Severine.Wilcox@edu.tbz.ch;ttgUZtpf6AG7
Yao.McClaren@edu.tbz.ch;93vjFHLKkBIG
Theresa.Foynes@edu.tbz.ch;9Bfp8rXLvVpa
Stephanie.Isley@edu.tbz.ch;wiBbMW0q6Rqc
Torbjorn.Growy@edu.tbz.ch;HL7Qmu2SmCeV
Eloise.Tunnadine@edu.tbz.ch;MvfQTzf9OgoE
Maeline.Cossentine@edu.tbz.ch;ElhCZp8zCz85
Nelie.DeSantos@edu.tbz.ch;xFTvLyMNoFcI
Gaetane.Axston@edu.tbz.ch;zvID8NdQ41ZX
Aimee.Merman@edu.tbz.ch;g0cO3kOJuZft
Orjan.Drivers@edu.tbz.ch;D4EgOtEDq5Vz
Aimee.Miroy@edu.tbz.ch;pJ5vBguAJasB
Nelie.Glyde@edu.tbz.ch;c4425dCq8OAW
Hakan.Kapelhof@edu.tbz.ch;Ns7jjV8MMF5o
Maelyss.Cauley@edu.tbz.ch;b1b0VbmrmsKB
Elea.Vaggs@edu.tbz.ch;e67zPLbw9l9l
Maelys.But@edu.tbz.ch;i503RjU5tL3z
Maella.Arthurs@edu.tbz.ch;vAei6EN46WGO
Adele.Liebrecht@edu.tbz.ch;D0VRzCSMCgPj
Meline.Lomasny@edu.tbz.ch;06lOQQwX590q
Mediamass.Schwant@edu.tbz.ch;Az7lnfxfHBfU
Leone.Saunt@edu.tbz.ch;Y7BHbVkXUOsL
Annotes.Gouch@edu.tbz.ch;2jbMHsr9DSZ0
Gaetane.Bowich@edu.tbz.ch;xfyI8V0IG6P9
Alizee.Strelitzki@edu.tbz.ch;lVYSEATo5BXQ
Leone.Poile@edu.tbz.ch;i6Um0KiwmC2z
Amelie.Saban@edu.tbz.ch;43Ho5BmDnKnq
Marten.McMenamin@edu.tbz.ch;duIKWKx0WsvS
Becassine.Keets@edu.tbz.ch;AbryKdBfI2ke
Celine.Million@edu.tbz.ch;NvsGQoOCojL3
Geraldine.Belitz@edu.tbz.ch;4NONn1skBOXC
Salome.Mardling@edu.tbz.ch;LTBrwMWxbjGQ
Melia.Blakemore@edu.tbz.ch;I4dyTLZBVrVC
Dafnee.McAulay@edu.tbz.ch;ugFFebvWe23Q
Garcon.Dennett@edu.tbz.ch;VrsbaOFHO5ma
Interessant.Lesor@edu.tbz.ch;CuyeyD09upCm
Annotee.Wasbrough@edu.tbz.ch;sCMHdms8PpZ0
Asa.Ibbeson@edu.tbz.ch;91iXze9mSmF6
Maily.Kennealy@edu.tbz.ch;DJ8YY3UzLciU
Ye.Seares@edu.tbz.ch;kR2gjSr8FBMf
Athena.Harbron@edu.tbz.ch;bozCHgDHSC1W
Andreanne.Portail@edu.tbz.ch;34MGg06pmIfF
Goran.Zannelli@edu.tbz.ch;SnPfp0ENYGVa
Gerald.Leathlay@edu.tbz.ch;UIBfpLzhCb4f
Andreanne.Chown@edu.tbz.ch;wh46oerjySJo
Esteve.Clementel@edu.tbz.ch;fVBo9PxcIwIm
Leone.Legan@edu.tbz.ch;IjYoAeoUSfWP
Maena.Pownall@edu.tbz.ch;kanPMkCy0AIS
Andree.Rettie@edu.tbz.ch;KT2i9Bja9GiZ
Ines.Kenwrick@edu.tbz.ch;9h3M5WW0L5I8
Marie-helene.Yarnall@edu.tbz.ch;V1oP7ula5OsV
Po.Martin@edu.tbz.ch;QnLwchmX9HGn
Ruo.Celiz@edu.tbz.ch;r0LNmgUZU57p
Po.Bissett@edu.tbz.ch;uDYaseBr0Sxp
Du.Swindon@edu.tbz.ch;2uDHF4jh0q8m
Interessant.Gouldthorp@edu.tbz.ch;Px8DkiISxKMX
Leandre.Lilburn@edu.tbz.ch;LXeuZaP8DzTY
Bjorn.Whales@edu.tbz.ch;Hdsas3x6Y3Gs
Interessant.Dieton@edu.tbz.ch;LTM2grX0PGDk
Celestine.Redhills@edu.tbz.ch;smmPRrrvwvTD
Tan.Yakovlev@edu.tbz.ch;67T9XY7phe4w
Regine.McDowell@edu.tbz.ch;5Ue2knbF3wP5
Ju.Coysh@edu.tbz.ch;m6JhWww3dJBL
Reserves.OFallon@edu.tbz.ch;vZwUrVFvBs9i
Frederique.Sobey@edu.tbz.ch;G7e364wGJcYi
Marie-eve.Garstang@edu.tbz.ch;YxirAH3W9pcq
Andre.Tapin@edu.tbz.ch;ZyauzZmEKRDF
Esbjorn.Eynon@edu.tbz.ch;L5908WHf0YCO
Maella.Duffy@edu.tbz.ch;yO9u3GXiQ5Si
Leandre.Twinning@edu.tbz.ch;jvcldstr8RI2
Mai.Whittingham@edu.tbz.ch;XX1sFo9c85Jk
Rachele.Shevelin@edu.tbz.ch;G8MDqiAxo36W
Cecile.McUre@edu.tbz.ch;LJ5c42nnvPrO
Marie-eve.Yurkevich@edu.tbz.ch;kc4oTZtLNN1L
Almerinda.Paice@edu.tbz.ch;T6QKHgjk0W5x
Rao.Howkins@edu.tbz.ch;Va7V1YvF90OR
Serena.Pack@edu.tbz.ch;VBEZgdvDF8uL
Rebecca.Mant@edu.tbz.ch;dGaD6fcBttQf
Reserves.Spitell@edu.tbz.ch;BXFJAXXuI4aM
Garcon.Hamfleet@edu.tbz.ch;xnBOgGDyl4eF
Methode.Kerkham@edu.tbz.ch;emXc0ndCeeQe
Pelagie.Camies@edu.tbz.ch;uIiZtMxxFb0h
Josephine.MacPharlain@edu.tbz.ch;dUfksgccwvRd
Eugenie.Mathet@edu.tbz.ch;o9gKNfsgL8zm
Gaetane.Brangan@edu.tbz.ch;lhxXHll7zYdt
Michele.Dewbury@edu.tbz.ch;40rI3RjiSYIp
Eugenie.Elcott@edu.tbz.ch;eZarJsibXhaW
Megane.Harniman@edu.tbz.ch;bU0RsNGCUogs
Agnes.Cluney@edu.tbz.ch;wZsxr3Y1d3MV
Marie-helene.Angear@edu.tbz.ch;ETW3ti7ch5IO
Melia.Dolphin@edu.tbz.ch;QYQkQx0OhNGX
Lois.Ruseworth@edu.tbz.ch;qIFIRwj2DaB1
Mailys.Ryding@edu.tbz.ch;SB2NUIQtrS9T
Rachele.Wulfinger@edu.tbz.ch;x0cpar8OCSfU
Gwenaelle.Talton@edu.tbz.ch;KgfyktVtELke
Long.Ronchetti@edu.tbz.ch;ijZc1CXv8FQe
Styrbjorn.Kloska@edu.tbz.ch;Pf3pkawxDEjB
Len.Sudran@edu.tbz.ch;dtuSwn6hYrqb
Maelle.Andrysek@edu.tbz.ch;IxAfE7Qc4zuT
Selene.Senior@edu.tbz.ch;iz9pLkpTWIQT
Anais.Joskovitch@edu.tbz.ch;SJ2e0GJnQayt
Marie-noel.Dally@edu.tbz.ch;2GSUNPVgAAvE
Marie-helene.Laurence@edu.tbz.ch;vJQ4OEOgsCuT
Camelia.Foxon@edu.tbz.ch;VcLd7rRMODIc
Helene.Cankett@edu.tbz.ch;wnKgWOun6Y7n
Marten.Mitchelson@edu.tbz.ch;Tw1IMfvGKfrh
Helena.Stirtle@edu.tbz.ch;toxbOlSISShc
Leane.Barmby@edu.tbz.ch;BFb1u2ht4c0u
Goran.OFinan@edu.tbz.ch;dRJBmdIeiqWe
Styrbjorn.Proby@edu.tbz.ch;UinuY2d8Xjuv
Zoe.Halse@edu.tbz.ch;Vur3BciuANtS
Kui.Drable@edu.tbz.ch;x4xpMDFYBAxS
Desiree.Bamford@edu.tbz.ch;IBvdXOF6VtKT
Zoe.Suller@edu.tbz.ch;m7xZZYQeUQaq
Marylene.Audiss@edu.tbz.ch;6evb8qeKFKR9
Adelaide.Poznanski@edu.tbz.ch;jdtBktcWzJ2Y
Maella.Coleyshaw@edu.tbz.ch;tBl8sYJVBpX6
Marie-francoise.Gelder@edu.tbz.ch;0jaZ2s0xMLJe
Eleonore.Chaffyn@edu.tbz.ch;xFEOTpAjWxtQ
Celestine.Sikorsky@edu.tbz.ch;mbp0EiZuIq5h
Stevina.Londsdale@edu.tbz.ch;EB4eUbuplOOP
Maiwenn.Nevitt@edu.tbz.ch;GhmV4dJbB4oL
Magdalene.Gerrey@edu.tbz.ch;9j6bPIxeH0cF
Becassine.Latimer@edu.tbz.ch;86FEsjLNPvMj
Da.Lethibridge@edu.tbz.ch;am46HvhRMFAp
Mailys.Claige@edu.tbz.ch;cDJ4xCSizliw
Maena.Torbard@edu.tbz.ch;cemnz49acVWF
Solene.Lyvon@edu.tbz.ch;2TypWKLYIoBl
Marie-therese.Benbrick@edu.tbz.ch;Cbf3MsU4Jh0U
Gerald.Edmonson@edu.tbz.ch;YkF2IjfpmTWx
Ake.Messruther@edu.tbz.ch;XyHINEAV5V2Q
Men.Gosneye@edu.tbz.ch;sNa0OmJiWai7
Anais.Jefferys@edu.tbz.ch;SeYtUzNVKHyG
Publicite.Tregale@edu.tbz.ch;mUAyPDAjpGLv
Maily.Santorini@edu.tbz.ch;3x3X4B6eS73C
Ines.Pioch@edu.tbz.ch;IM1OqRuZY7eh
Noemie.Marklew@edu.tbz.ch;uapCQb4iNRDy
Meghane.MacCaffrey@edu.tbz.ch;oNe7d0fzDwT5
Berangere.Ambrogio@edu.tbz.ch;Yy0eFpOLeVCq
Mediamass.Ryce@edu.tbz.ch;kioFwyxwdtZs
Osten.Ubank@edu.tbz.ch;GKA9ejIiHjFi
Melina.MacKee@edu.tbz.ch;0oGqO0l2zf1R
Theresa.Livezey@edu.tbz.ch;xdcnkCuKszHu
Clemence.Weal@edu.tbz.ch;bIEbWZHE3FCq
Faites.Overton@edu.tbz.ch;AFO8HQOPqVJk
Clea.Lindblad@edu.tbz.ch;b8FpPXDGdVaR
Josephine.Roseaman@edu.tbz.ch;nRQdSya7Ut3e
Osten.Lowbridge@edu.tbz.ch;GG0BhNrzmhfl
Marie-josee.Brion@edu.tbz.ch;ZFiHxMLWFF5X
Therese.Basili@edu.tbz.ch;uZMd77lyqH8y
Melia.Vertigan@edu.tbz.ch;Fsinubd9t3gL
Judicael.Saull@edu.tbz.ch;Hn73YY8RID9D
Selene.Valentine@edu.tbz.ch;MuQ40ztOfcxT
Verane.Dunlap@edu.tbz.ch;KMCqWIdL6ZFp
Meline.Kinnear@edu.tbz.ch;CzZbXqFGeeY2
Lei.Luttgert@edu.tbz.ch;9HSh4zYAgPuk
Styrbjorn.Lathleiffure@edu.tbz.ch;jDUCGQ2rsj17
Marlene.Blasi@edu.tbz.ch;OsO0AzPgHk8P
Mai.Begwell@edu.tbz.ch;KVVmDndIqxwK
Gwenaelle.Kaines@edu.tbz.ch;KYi1tiX4FJAN
Gerald.Adamthwaite@edu.tbz.ch;W1ZFhEmwtbLE
Kui.Hartfield@edu.tbz.ch;thGPgGkxmCo6
Salome.Currao@edu.tbz.ch;8kAYLtRswnJT
Angelique.Tixier@edu.tbz.ch;PA1UdXyTZIPg
Ju.McGragh@edu.tbz.ch;cl6vfexk8ngS
Dafnee.Beachem@edu.tbz.ch;FOmDfcSDK6C6
Creez.Terlinden@edu.tbz.ch;9u600E9EWZcR
Uo.McSkeagan@edu.tbz.ch;4eCT0dmlnAcb
Edmee.McCaughren@edu.tbz.ch;tsQOVJTHcRTf
Aslog.Cozby@edu.tbz.ch;ALaJ2Fi1Ulkb
Melodie.Traite@edu.tbz.ch;DJ3rlPu35E0h
Dorothee.Aindriu@edu.tbz.ch;T35Np4612LUw
Daniele.Doley@edu.tbz.ch;16cWYJ8CP8Qn
Mediamass.Fairclough@edu.tbz.ch;j5NPZw6wiypC
Lorene.Rainforth@edu.tbz.ch;A1TZesELLS04
Leonore.Eyer@edu.tbz.ch;jqQ2uLK4Y8I9
Po.Spillman@edu.tbz.ch;xor16vHMx99V
Cecilia.Plitz@edu.tbz.ch;kiTfK3bSn00v
Lorene.Ludlow@edu.tbz.ch;EAJHHDfzg1hs
Berangere.Neligan@edu.tbz.ch;L2LQ1AQX8XgC
Simplifies.Huggan@edu.tbz.ch;gXm7Y2aB9M3p
Clelia.Prandy@edu.tbz.ch;039Elfoaax54
Ake.Osban@edu.tbz.ch;yIsGnKjZTQ2i
Cunegonde.Brunn@edu.tbz.ch;uXCy7P3KOxu0
Long.Grizard@edu.tbz.ch;TdtCYq5YC3ti
Meghane.Diss@edu.tbz.ch;PjHvydWCMf8m
Therese.Oldman@edu.tbz.ch;bAa9HYbQ1f9I
Borje.Scamerdine@edu.tbz.ch;vbERpE8caNjO
Du.Saban@edu.tbz.ch;v7l5mSYAHYYG
Hakan.Clynmans@edu.tbz.ch;GUwYuqyRXh6d
Wa.MacDowal@edu.tbz.ch;ySs9JnmqTysN
Venus.Hatrey@edu.tbz.ch;iUgLdgjT7ecc
Anaelle.Vispo@edu.tbz.ch;zzSVwNt3NfZR
Mahelie.Ollcott@edu.tbz.ch;mH7eFNfiArH2
Mediamass.Whyman@edu.tbz.ch;ANvXH38jacyl
Esbjorn.Basson@edu.tbz.ch;ulT3DSi9TLp4
Andrea.Morrill@edu.tbz.ch;fb5jJ7YsOWGL
Melys.Grassi@edu.tbz.ch;rcumQIDbYn0I
Leone.Poleye@edu.tbz.ch;VpYnBbTRvsqD
Francoise.Penny@edu.tbz.ch;NCs8BXti79il
Rebecca.Edney@edu.tbz.ch;rThgJtx1pN0d
Adelaide.Murtagh@edu.tbz.ch;ZU3ee1UP9ZNw
Stevina.Winterbourne@edu.tbz.ch;kj5JoYENgoub
Ma.Cottom@edu.tbz.ch;pfqnlidFAraJ
Tan.Harold@edu.tbz.ch;5S8osPkXypu1
Venus.Forte@edu.tbz.ch;n4TPYpffyWdX
Almerinda.OLuney@edu.tbz.ch;oJH5q5ivPlbh
Cleopatre.Brehault@edu.tbz.ch;lK8OvpQx4ELU
Interessant.Lapides@edu.tbz.ch;3daIv90W3UGG
Reserves.Hallatt@edu.tbz.ch;yTKL45oLf9cQ
Annotes.Birdwhistle@edu.tbz.ch;mfgux0uSI6DE
Ai.Dredge@edu.tbz.ch;tPi7os4tTTyN
Megane.Mussard@edu.tbz.ch;oyaDmx3cfABq
Esbjorn.Gowrich@edu.tbz.ch;UDfxKWpK1tnz
Borje.Brislawn@edu.tbz.ch;dn7HkdbQxvgV
Becassine.Wilce@edu.tbz.ch;DmYRrVR2KgNH
Personnalisee.Oels@edu.tbz.ch;mj9gAuyOBDbI
Verane.Pett@edu.tbz.ch;gL6AzZqGQ3kr
Marylene.Glewe@edu.tbz.ch;JGlFTWxsNZ9N
Lai.Elson@edu.tbz.ch;CmjYYOjXnvm4
Serena.DiFranceschi@edu.tbz.ch;ri0mpmEvffGw
Lie.Espinel@edu.tbz.ch;x4a7PyVWmGRb
Marylene.Fantini@edu.tbz.ch;szkKZzVKIl2e
Andre.Archdeckne@edu.tbz.ch;UtUg1SsHUKX7
Goran.BoHlingolsen@edu.tbz.ch;qYh4PhOkd1ch
Cunegonde.Heffer@edu.tbz.ch;rAzmOLnHeJFy
Tan.Fechnie@edu.tbz.ch;A2KTvt9gwawe
Marie-noel.Brammar@edu.tbz.ch;Hh522rqOELRB
Simplifies.Aven@edu.tbz.ch;QtBspLUc6Z4T
Melys.Pinchen@edu.tbz.ch;fmoz2kUazfr2
Edmee.Joyner@edu.tbz.ch;ipSZhJBdgnGY
Berengere.Edess@edu.tbz.ch;ufRmZcMGMkyN
Marie-noel.Goward@edu.tbz.ch;MkkfY6EqGGlG
Ju.Edmons@edu.tbz.ch;SbxdnmPwuZ6l
Frederique.Airds@edu.tbz.ch;atV49z41vjUK
Reserves.Dauby@edu.tbz.ch;H8HV89zBJ7BE
Hakan.Gynni@edu.tbz.ch;AOjbMyr1WcUD
Leonore.Pinwill@edu.tbz.ch;kD4WDUhR3PvV
Marie-eve.McAllan@edu.tbz.ch;trEiiW9qn1qK
Naelle.Yeabsley@edu.tbz.ch;OYihWEqoM0ZZ
Nelie.Jacobovitz@edu.tbz.ch;lb5uBvYaaUPY
Adele.Conelly@edu.tbz.ch;3sPkZcVQ5rNE
Clementine.Dondon@edu.tbz.ch;le1pKZzX7FBr
Zhi.Willcot@edu.tbz.ch;IerGJy3DmO8X
Chloe.Janicki@edu.tbz.ch;cuXmnoGwT4Mu
Meng.Linde@edu.tbz.ch;DiGS7mfkEQqE
Celine.Janisson@edu.tbz.ch;xOw1xCJLp1F6
Clelia.Crow@edu.tbz.ch;IMXAHC73MH7v
Cecile.Pyott@edu.tbz.ch;lzzXHgEtsPvV
Ma.Fidelus@edu.tbz.ch;mXnwlDQpuXtx
Marie-helene.Poore@edu.tbz.ch;zpnHlErh39U3
Elies.Blanket@edu.tbz.ch;R0tdhqI9nm62
Yu.Boyer@edu.tbz.ch;8tO7sAwsL8r3
Celia.Welds@edu.tbz.ch;Npl0gDV04Egn
Du.Gunney@edu.tbz.ch;1nU4FZJPRciX
Gorel.Crush@edu.tbz.ch;ALSYp6jQMO2B
Marie-josee.Brosius@edu.tbz.ch;OaNnxUPCRR0F
Camelia.Adds@edu.tbz.ch;gK9SN1ZBOSkQ
Anae.Irwin@edu.tbz.ch;0ASkIyFK49Ge
Cleopatre.Skeffington@edu.tbz.ch;dZg8Nay0FL7N
Gerald.Suggate@edu.tbz.ch;XgSdC2qivkPW
Laurene.Tailour@edu.tbz.ch;arcUsYFQlCBG
Amelie.Hoble@edu.tbz.ch;KwvcJB8aUxMg
Venus.Getch@edu.tbz.ch;p79YtqM06Kur
Renee.Treby@edu.tbz.ch;6rJjEmDdHANl
Almerinda.Stait@edu.tbz.ch;DKIZCeNys5RC
Andree.Reddecliffe@edu.tbz.ch;UXdEMrnB2wDY
Leone.Wintle@edu.tbz.ch;hmrPqSUL8dLY
Gerald.Fellow@edu.tbz.ch;Kbs8fTLbj67J
Ju.Gudger@edu.tbz.ch;c930aEgvVrTK
Meng.OHaire@edu.tbz.ch;JkOCZXMsOW2C
Cleopatre.Missington@edu.tbz.ch;xDpuiEJYdOMl
Annotes.DeBruyn@edu.tbz.ch;xBVxNNUZrNWz
Gerald.Sinisbury@edu.tbz.ch;BfrQ4V9r7pNl
Creez.Slora@edu.tbz.ch;fZoQO6MFNdBQ
Gisele.Benbow@edu.tbz.ch;yOsjfYt1aUVO
Pal.Dossit@edu.tbz.ch;H8U9ZY5qmduz
Nelie.Stirrip@edu.tbz.ch;JULcFF2EocM1
Alois.OCrigane@edu.tbz.ch;jvvGBFHclNsu
Kui.McTerry@edu.tbz.ch;NXMI4R4X7cNU
Long.Willgoss@edu.tbz.ch;OUZ6UypOtxzM
Francoise.Sumpner@edu.tbz.ch;WIFCO8ScJLc6
Maely.Grinstead@edu.tbz.ch;HRP7YsH3UbXU
Creez.Langeren@edu.tbz.ch;xjwYAjOYMAEi
Adele.Dungate@edu.tbz.ch;4uFC6lNveQyk
Cleopatre.Noirel@edu.tbz.ch;YyIYIizSht33
Interessant.Daverin@edu.tbz.ch;aQB19fP9cSHe
Naeva.Kalderon@edu.tbz.ch;ccexKepbEW1y
Anais.OShesnan@edu.tbz.ch;eeSwOl9OZeE6
Judicael.Anelay@edu.tbz.ch;ykV7UVqxToVX
Eloise.Braxton@edu.tbz.ch;GECwtAx2YrQT
Desiree.Greguol@edu.tbz.ch;yhb0bnRx4Ujl
Maite.McClenaghan@edu.tbz.ch;HxlzBVuWHfxv
Meng.Doret@edu.tbz.ch;AIwPpBA78t64
Frederique.Chippendale@edu.tbz.ch;j9Uef8UwDzEd
Andreanne.Lanney@edu.tbz.ch;jK5TTYeTUs1G
Aurelie.Claus@edu.tbz.ch;TXHC70GMIMra
Renee.Pabel@edu.tbz.ch;ZFFxah99tPE3
Maena.Roust@edu.tbz.ch;T2tbULIocpaz
Nadege.Carwithim@edu.tbz.ch;LKpwlrNUbEFX
Solene.Geyton@edu.tbz.ch;4pNqY2vzvS6x
Dafnee.Avraham@edu.tbz.ch;nUE1ajEOYM3h
Leane.Woolvin@edu.tbz.ch;m6vxInnBRLwJ
Adele.MacAdie@edu.tbz.ch;v2cxYHWNDKqp
Meline.Rubica@edu.tbz.ch;SZKdW5ikbpRH
Marie-noel.Speeding@edu.tbz.ch;w8cbr010uBQs
Nelie.Mix@edu.tbz.ch;cPEere52nX3B
Clea.Ollett@edu.tbz.ch;dvhd1hq8iUnB
Leandre.McGavin@edu.tbz.ch;bFktfRE8u4DJ
Cecile.Behne@edu.tbz.ch;2UlI30d3azHy
Melanie.Polle@edu.tbz.ch;cItArpPiJj1Z
Marie-josee.Titmuss@edu.tbz.ch;Se1RsIJpd2Wz
Helena.Guest@edu.tbz.ch;su4OMFcb5Fxk
Annotes.Chicchetto@edu.tbz.ch;tI75SeLdNK1V
Melia.Tubb@edu.tbz.ch;TA2AFWtpHDq8
Angelique.Casetti@edu.tbz.ch;1kC2KPAix0Sg
Cunegonde.Cleall@edu.tbz.ch;lJxYp3kiu9d5
Camelia.Oaker@edu.tbz.ch;3dNnoHHcHsZH
You.Searight@edu.tbz.ch;y0otsZnDgvZR
Kevina.Dederick@edu.tbz.ch;HINaESYq8n4V
Milena.Jeffrey@edu.tbz.ch;zEO6SR6rnxGK
Melodie.Barkshire@edu.tbz.ch;pfLxmNyxqQz3
Gaelle.Kreutzer@edu.tbz.ch;ZDLvZ9VFWXpn
Kalliste.Kleinpeltz@edu.tbz.ch;xKQjoYRot8ZU
Clementine.Danat@edu.tbz.ch;7vExBaB7VVQZ
Andrea.Wabb@edu.tbz.ch;pmQSleJ2N4B2
Geraldine.Piesold@edu.tbz.ch;NISsl4ni03CW
Tan.Fiveash@edu.tbz.ch;b8HzwSrRcpug
Meline.Yuranovev@edu.tbz.ch;oCnsBomtYf9A
Therese.Holme@edu.tbz.ch;mSOQ6b5hkAhs
Salome.Vaney@edu.tbz.ch;M4lMlEPw1Uk5
Anae.Abramson@edu.tbz.ch;d5BiPwmxIqsS
Kalliste.Jimson@edu.tbz.ch;5cAiMUQw5f9z
Selene.Yole@edu.tbz.ch;j974EzaklQUM
Agnes.Defraine@edu.tbz.ch;PP8vNL9P8LG6
Faites.McCluin@edu.tbz.ch;r78sZ23Vu6WQ
Athena.Deme@edu.tbz.ch;CUGZkQgt2tQE
Daphnee.Brigstock@edu.tbz.ch;ESIWCkdDk7oh
Gosta.Skaif@edu.tbz.ch;jTeR6bZBLOz9
Oceane.Jagoe@edu.tbz.ch;7HYZYOG4JEBr
Annotes.Broomhall@edu.tbz.ch;SwPMjDpqF37P
Marie-eve.Ballendine@edu.tbz.ch;WXDWH4ytifaU
Melina.Spykings@edu.tbz.ch;CmfAxnsgKzOF
Laurene.Ticehurst@edu.tbz.ch;Xoliwepb8kE0
Fei.Avramovic@edu.tbz.ch;EFxxEp0DsBl4
Publicite.Strathearn@edu.tbz.ch;gbhz1NwwoGNX
Torbjorn.Garrow@edu.tbz.ch;NNbSvbOf67Uc
Chloe.Rubinsztein@edu.tbz.ch;wfULJrA4J2Ug
Mylene.Demanche@edu.tbz.ch;jAqYC2AGz1Re
Mediamass.Godlonton@edu.tbz.ch;VDGDms6SnDlZ
Renee.Shurrocks@edu.tbz.ch;ZhtQHX8oThED
Maiwenn.Jedras@edu.tbz.ch;BusRPvssSR0f
Genevieve.Castells@edu.tbz.ch;zLERrrKxFWXE
Renee.Sneden@edu.tbz.ch;xfqnVRnGAYQs
Lai.McCallion@edu.tbz.ch;P6X0KO0JzdXI
Kevina.Impleton@edu.tbz.ch;B7Pp0Ayvvx88
Osten.Fresson@edu.tbz.ch;cvarYSXaOYq3
Verane.Shawley@edu.tbz.ch;bbIVhXjZhhzL
Uo.Sjostrom@edu.tbz.ch;ZntXZOhwH5jE
Gisele.Gothup@edu.tbz.ch;4Cs0YcobuK8h
Renee.Beauman@edu.tbz.ch;Q0LDuPSerguW
Elies.Loton@edu.tbz.ch;hJva2bvN1D0f
Valerie.Elsmore@edu.tbz.ch;hZv7YfwYaGg2
Berangere.DelaFeld@edu.tbz.ch;1l4bwAN8qzNK
Bjorn.Schimke@edu.tbz.ch;qKa8EHcPASAt
Loic.Ericssen@edu.tbz.ch;HfhACDjzDluO
Creez.Richarz@edu.tbz.ch;p52KrSet5Xv3
Athena.Grocott@edu.tbz.ch;TYvnvl7q1vzm
Naelle.Piotr@edu.tbz.ch;b8Jpg9lQ4lU0
Maella.Paulson@edu.tbz.ch;Jpo6Nm8T38Id
Song.Perot@edu.tbz.ch;aWtUPcpN0kin
Kalliste.Heckney@edu.tbz.ch;d1LqBkyOadnx
Ake.Vasyutkin@edu.tbz.ch;DOBMjrNiAaqg
Ma.Castles@edu.tbz.ch;bUwSC53vkGLa
Maely.Monget@edu.tbz.ch;xOhyRAk9QTwv
Tang.Durbridge@edu.tbz.ch;25DnEtuzTzmY
Laurene.Andrew@edu.tbz.ch;Fc2uA8SZnEUE
Lysea.Beacon@edu.tbz.ch;vajlCsjtjeaE
Leandre.Peyntue@edu.tbz.ch;6pPsljiAJNqF
Rao.Trever@edu.tbz.ch;gYYr7okSR4fU
Mahelie.Streader@edu.tbz.ch;5eaM2U7DY1iY
Marta.Andrejevic@edu.tbz.ch;hRfEXg6LLfLs
Gosta.Tompkins@edu.tbz.ch;z1dQTrsZq46w
Helena.Agates@edu.tbz.ch;7AejI5C1D3rA
Therese.Glass@edu.tbz.ch;YlmRODb7rvVw
Alois.Foan@edu.tbz.ch;5l7evb9z3lVn
Becassine.Melchior@edu.tbz.ch;qkUcBZl1q2zl
Cloe.Robart@edu.tbz.ch;e8anQOFtWwnR
Daniele.Puckinghorne@edu.tbz.ch;brTWJmVEeYgd
Selene.Cammidge@edu.tbz.ch;BdxZVpByLUf0
Regine.Conochie@edu.tbz.ch;ezLzYxmgBheK
Interessant.Tuiller@edu.tbz.ch;lX1krkFn6rFg
Long.Tiebe@edu.tbz.ch;CI2qmcfw6712
Mans.Yele@edu.tbz.ch;RyAYr5vF5sTg
Ai.Giles@edu.tbz.ch;y1otiYnAemxE
Gaetane.Hamberston@edu.tbz.ch;tnEYtsgjgXr5
Marylene.Fenix@edu.tbz.ch;S3D04DI9JZ9v
Geraldine.Graeme@edu.tbz.ch;BiDPg5RMIEuq
Tang.Kinglake@edu.tbz.ch;vIB8vZigTrko
Lai.Challoner@edu.tbz.ch;jYeAVHWN4RBO
Desiree.Mattei@edu.tbz.ch;PGXXir15xjk6
Ake.Erley@edu.tbz.ch;V1HcqXCJG4Kj
Edmee.Cavil@edu.tbz.ch;BCmlm82ShhmC
Alois.Moyes@edu.tbz.ch;euRTIUFLjWso
Becassine.Pitman@edu.tbz.ch;68Rujebc3Jy8
Ai.Giacovelli@edu.tbz.ch;pGSImvZ5HsPM
Judicael.Fruchter@edu.tbz.ch;OCV7Ez5y4P34
Mans.Mogg@edu.tbz.ch;qrELzJ9WgO2V
Gerald.Foyle@edu.tbz.ch;lFDGW9q0nBcv
Wa.Androletti@edu.tbz.ch;rhib5vfOEWqq
Meng.Ollett@edu.tbz.ch;MrojnbJesysi
Naelle.MacMenamy@edu.tbz.ch;F4PbVoKOUYFV
Gisele.McRamsey@edu.tbz.ch;Ixp1G1d0PLqL
Meryl.Scolts@edu.tbz.ch;aa3922YXRnZE
Celia.Bloxsome@edu.tbz.ch;HT9Ottor5k3l
Styrbjorn.Stuke@edu.tbz.ch;U0LelDtqOjo3
Felicie.Gwilliam@edu.tbz.ch;QUbYXF8gn7aa
Da.Harms@edu.tbz.ch;q7oGMYMruOAx
Celestine.Baulk@edu.tbz.ch;Ik59o4hPQDYO
Mahelie.Blackledge@edu.tbz.ch;Mut9QEMM4XhC
Meghane.Salt@edu.tbz.ch;6cHlqh4Zzvyz
Methode.Paxeford@edu.tbz.ch;qNI2IVUffHFj
Aslog.Milligan@edu.tbz.ch;8Ln7lv7vazTU
You.Pellman@edu.tbz.ch;LHGrcU9tHZ12
Loic.Regenhardt@edu.tbz.ch;9qFy0nEGN8Ri
Daniele.Savill@edu.tbz.ch;e1zgURRWWP0A
Alois.Cornu@edu.tbz.ch;AkKYR7As6AGA
Osten.Govey@edu.tbz.ch;Rb2JRYGaZXQe
Marie-eve.Louch@edu.tbz.ch;gFUlborRk9lN
Theresa.Wenn@edu.tbz.ch;YpCzx1V9hNnq
Andree.Eul@edu.tbz.ch;fCt5ekICrVr4
Lie.Paynton@edu.tbz.ch;y87nq3iKvBBJ
Marie-eve.Girodier@edu.tbz.ch;KFutEomfISM0
Marie-noel.Smithe@edu.tbz.ch;UpEu3xOh7YBo
Men.Bootyman@edu.tbz.ch;HNA5Q0kZZwvS
Ku.Sugg@edu.tbz.ch;eJYYugnFVssC
Lucrece.Roseman@edu.tbz.ch;3sHFPaW14Efy
Zoe.Annear@edu.tbz.ch;dbru2JOAfIcE
Marie-helene.Rennebach@edu.tbz.ch;O2hlXezcSGQT
Lea.Djurdjevic@edu.tbz.ch;hq8a53ugIHiE
Gorel.Robert@edu.tbz.ch;pFrRg4udfqks
Mylene.Foldes@edu.tbz.ch;o8ZoyiP2141S
Faites.Clegg@edu.tbz.ch;rdBGAXgrJJjj
Marylene.Crowcher@edu.tbz.ch;jLCxJOpzqyQo
Aimee.Wimpeney@edu.tbz.ch;T3LgSgpodjr5
Renee.Atkins@edu.tbz.ch;JZpaKKhsPBhP
Rejane.Cainey@edu.tbz.ch;Jx8PExeBGZaf
Solene.Britney@edu.tbz.ch;OMlDszz1geUu
Marten.Shatliffe@edu.tbz.ch;W7zdrsgtQ3YA
Maite.Issatt@edu.tbz.ch;SGPDiQYORboT
Maelyss.Edon@edu.tbz.ch;IFyIoOwgdbhV
Nuo.Bamling@edu.tbz.ch;ihwlnZcyFWkt
Anais.Edards@edu.tbz.ch;92wcsguaPovL
Mediamass.Bromet@edu.tbz.ch;gtvnuEOQDA1H
Beatrice.Kimbrey@edu.tbz.ch;An2sJmW2NqPN
Ines.Lawranson@edu.tbz.ch;04y3JN7bj8hY
Kalliste.Scandroot@edu.tbz.ch;jfrwvKLlmi4p
Mans.Barrowcliffe@edu.tbz.ch;qkiswGWDuOcJ
Irene.Couves@edu.tbz.ch;LDheFmxVBxTX
Milena.Mucci@edu.tbz.ch;2BnpCMs48xAM
Naeva.Cow@edu.tbz.ch;ST6lJPtlfol4
Audreanne.Mournian@edu.tbz.ch;f7Tk5CQuhM1H
Melia.Sinnatt@edu.tbz.ch;KfEMQBYrg1Qe
Nelie.Burnard@edu.tbz.ch;ZfThCc5t6bKk
Clelia.Ashfull@edu.tbz.ch;4gCcEwinmEbg
Lie.MacArd@edu.tbz.ch;RbbBlD1Y0oBM
Valerie.Matoshin@edu.tbz.ch;L5bHdqyz5tVE
Anael.Hatherleigh@edu.tbz.ch;Zup2OBMCLB0Y
Interessant.Warratt@edu.tbz.ch;T7YDpTQ1LG8V
Eleonore.Volage@edu.tbz.ch;OPgnqOjWFnsS
Zoe.Stebbing@edu.tbz.ch;99P4maXgTpgR
Alizee.Nye@edu.tbz.ch;Hi3wAs4SNTjD
Celestine.Bramley@edu.tbz.ch;jtWVzvvdJTZc
Selene.Philcott@edu.tbz.ch;PibZca9j9UnR
Tang.Newens@edu.tbz.ch;T1LLP6ACgkQH
Annotes.Powys@edu.tbz.ch;8mlzTAlnv3GE
Lea.Matthesius@edu.tbz.ch;rGLbV2jTkMii
Illustree.Garlett@edu.tbz.ch;DXw78oldbndi
Maiwenn.Meachem@edu.tbz.ch;q5dyuQDXFd0x
Marie-francoise.McBrady@edu.tbz.ch;CFksuRvpiooT
Illustree.Gimbart@edu.tbz.ch;1NBnzxQhC9YA
Melys.Lyosik@edu.tbz.ch;FfmMqqbyMM4n
Marylene.McNab@edu.tbz.ch;MH6L376c2HQ5
Gerald.Blount@edu.tbz.ch;CuFnTDlWzUhV
Clelia.Shakelade@edu.tbz.ch;3FCj0klbibIq
Penelope.Cridlin@edu.tbz.ch;otzjuSJYFKbl
Maena.OKuddyhy@edu.tbz.ch;9A8H797ZfuyO
Athena.Keynd@edu.tbz.ch;3hDvR5ADhh0Y
Cloe.Dwine@edu.tbz.ch;WJhTTxT0wiSw
Josephine.Browett@edu.tbz.ch;euJyJDfiDgba
Audreanne.OScanlon@edu.tbz.ch;APi6skXGweOH
Fei.Jeanequin@edu.tbz.ch;OJ1WAMatKlZg
Lois.Gormally@edu.tbz.ch;uerUJTZfM0nF
Marie-francoise.Finnigan@edu.tbz.ch;1HFxddT87osY
Leonore.Trussman@edu.tbz.ch;DvfdDBDV2RH0
Anaelle.Trumper@edu.tbz.ch;dIPyJyNLKaQP
Clemence.Dionis@edu.tbz.ch;ItlfT6m7vq2E
Lois.Tranmer@edu.tbz.ch;eKo0iYbeaRzw
Interessant.Volett@edu.tbz.ch;hIey9WBLf8au
Personnalisee.Deackes@edu.tbz.ch;CjXN2uuYH7hl
Lie.Vasiliu@edu.tbz.ch;QMJMJPC13xhd
Dafnee.Lamputt@edu.tbz.ch;2EW0ia1jc8R5
Elies.Bromige@edu.tbz.ch;r9xNtgFqUzRg
Helena.Klosser@edu.tbz.ch;zEnw2cl669KI
Andree.Grim@edu.tbz.ch;5Ijw20aieDjd
Verane.Coldbath@edu.tbz.ch;srmiNQAYZvYk
Helena.Bethell@edu.tbz.ch;VFGqzRBnI25h
Kalliste.Carefull@edu.tbz.ch;dTVRigq269uo
Regine.Odams@edu.tbz.ch;u284GSV7zcp7
Len.Stannus@edu.tbz.ch;Kg1m3EbtS90L
Angelique.Works@edu.tbz.ch;TivtG4yidSb8
Gosta.Rheaume@edu.tbz.ch;LkBld8Ij2603
Maelys.Tynnan@edu.tbz.ch;oNzx7f9AsBFJ
Maelle.Carlesi@edu.tbz.ch;kSEw48D0wh7h
Anael.Spurden@edu.tbz.ch;rm0vZb5xKH23
Helene.Pumfrett@edu.tbz.ch;W7X9xmwCLRUo
Gorel.Pearn@edu.tbz.ch;uKI0jO1Plwt5
Laurelie.deZamora@edu.tbz.ch;vvWt6SSS6XxB
Yao.Twidale@edu.tbz.ch;7E8BBIrgJD2U
Berengere.Sola@edu.tbz.ch;DC81eH9zsWXb
Maelann.Hardistry@edu.tbz.ch;r6ssNiNhD0kP
Severine.Littlefield@edu.tbz.ch;V7OsJ5cdzvL7
Salome.Heinl@edu.tbz.ch;aX4hjbFYEqhY
Meryl.Warbey@edu.tbz.ch;Hlyn0yPPnxai
Da.Hunstone@edu.tbz.ch;9p35pU7Z6KCG
Venus.Broadbury@edu.tbz.ch;QNL5Yhwir5En
Meghane.Rentelll@edu.tbz.ch;D6ZFq3imaF7s
Marylene.Drewitt@edu.tbz.ch;Lj5HqsJjT2JI
Melinda.Jacquemet@edu.tbz.ch;ynqHdvYFCYEZ
Marie-josee.Keyden@edu.tbz.ch;LA9d0IIKetQ1
Aslog.Montacute@edu.tbz.ch;NTPaWMKnu9xy
Ku.Andreou@edu.tbz.ch;fQLK3FpCKQsG
Personnalisee.Feaveer@edu.tbz.ch;TVwKHqL9rDBz
Laila.Emptage@edu.tbz.ch;2fN3utIlr6dJ
Bjorn.Dawdry@edu.tbz.ch;KCv1kWSNYEoY
Marie-eve.Dinsell@edu.tbz.ch;ufFGNAfmAg17
Helene.Follett@edu.tbz.ch;aZh5cldp4YJf
Penelope.Cordero@edu.tbz.ch;1e77TNQoyDlV
Borje.Beedell@edu.tbz.ch;eqeoIMLBEJd4
Nelie.Ferne@edu.tbz.ch;w35QO5Zx7IiC
Celine.Ahmed@edu.tbz.ch;UlBHqnxeZe0a
Stevina.Pimblett@edu.tbz.ch;ItzgQEvSOLu4
Chloe.Langlands@edu.tbz.ch;2LTf2jo77NhY
Simplifies.Maude@edu.tbz.ch;atZKqnt4oXQ0
Genevieve.DeCarteret@edu.tbz.ch;C9ezGUSEpWZO
Marylene.Mughal@edu.tbz.ch;i7qJgltXgKII
Goran.Guttridge@edu.tbz.ch;VJ1vsXcsK4K0
Michele.Smurfitt@edu.tbz.ch;amwluehduHZJ
Methode.Hadeke@edu.tbz.ch;lN01MfGMhsKm
Therese.Rispine@edu.tbz.ch;VMRGR9bncpJk
Gorel.Plumley@edu.tbz.ch;Mr5satg03i1g
Oceane.Friett@edu.tbz.ch;cKN4GywgvCYD
Marie-noel.Achromov@edu.tbz.ch;69LSSx1cEfJ6
Dorothee.Storek@edu.tbz.ch;bAi0rGIY2G2K
Gosta.Whittle@edu.tbz.ch;gyhLZ0itG4ja
Desiree.Casely@edu.tbz.ch;Ae1eud8n9TAc
Felicie.Condon@edu.tbz.ch;opKvna8yAbnB
Maelyss.Frisdick@edu.tbz.ch;AurrYxjJ2ROA
Aimee.Banke@edu.tbz.ch;8StS31mOWX02
Naeva.Hodcroft@edu.tbz.ch;s3HF37wu4nwI
Laila.Gerrans@edu.tbz.ch;jjflOqSoXqQf
Daniele.Scrimshire@edu.tbz.ch;o9KBoHabsYFo
Daphnee.Sheerin@edu.tbz.ch;wpDfez529AyZ
Pal.Vanyukov@edu.tbz.ch;kfZDpNJrCHiJ
Zoe.Childs@edu.tbz.ch;PWrr68eMTUKi
Ai.Corde@edu.tbz.ch;fPeXYHw4PfLs
Maelys.Berryann@edu.tbz.ch;83JzihLZ6I7P
Cloe.Gladding@edu.tbz.ch;Jl3WzauPqhy1
Wa.Kinnaird@edu.tbz.ch;Z9xCQwafCP1n
Publicite.Brittoner@edu.tbz.ch;lAeR35JtiQ11
Rao.Windress@edu.tbz.ch;Ksk5IAE7CN0A
Uo.Kollach@edu.tbz.ch;Iy9w2r2LqtqV
Josee.Peskett@edu.tbz.ch;HdfP117s87xh
Annotee.Hasel@edu.tbz.ch;MFIkV53DtcXp
Cinema.Lee@edu.tbz.ch;45z6DkqCPqRF
Lai.Vedeshkin@edu.tbz.ch;BICgkuSY7Gus
Renee.Brisbane@edu.tbz.ch;VHlqzmpBXbN5
Ophelie.Blincoe@edu.tbz.ch;uTV33azAe0Kf
Zhi.Prazor@edu.tbz.ch;JKbexndEQhIO
Annotee.Maddicks@edu.tbz.ch;ubBLBccinip8
Maelyss.Codd@edu.tbz.ch;y8KDCYKIQxy0
Celia.Peplay@edu.tbz.ch;MVZwEkcUMuW0
Interessant.Skone@edu.tbz.ch;JYA1TH4ZDVSf
Audreanne.Hebdon@edu.tbz.ch;Hv0UCzuGgXmE
Oceane.Glen@edu.tbz.ch;sNqMm9boCnGB
Daniele.Vanyushkin@edu.tbz.ch;CaJGDJNNKYG5
Daphnee.Ayce@edu.tbz.ch;SE3PdihaHjmV
Andrea.Attride@edu.tbz.ch;G1wJiylT6IIH
Penelope.Bridgwood@edu.tbz.ch;YiBL1PLanDMU
Mailis.Drewitt@edu.tbz.ch;5mUspFV2iDVc
Penelope.Mollene@edu.tbz.ch;Sy6UznhzjCRz
Illustree.Keely@edu.tbz.ch;tXiWzPnTiqgo
Meng.Brisseau@edu.tbz.ch;cOztLtp3D0Rd
Ruo.Cleiment@edu.tbz.ch;7bBAMQ22rHK8
Maite.Krammer@edu.tbz.ch;pkoCJlrjw4Ch
Genevieve.Verry@edu.tbz.ch;qTyHMtuEFtAP
Lea.OLochan@edu.tbz.ch;BmOA9kKJ2MDW
Naelle.Brunnen@edu.tbz.ch;7CgzNXk47piV
Gosta.Bragginton@edu.tbz.ch;xTKvVyo5t9xh
Fei.Danilyuk@edu.tbz.ch;el9Mcu757HjW
Adelie.Turbitt@edu.tbz.ch;s4VMcyxDkdli
Marylene.Nutman@edu.tbz.ch;1GGBZusj4itG
Therese.Barbrick@edu.tbz.ch;aZkMXjBS9Yp9
Melys.Kolodziej@edu.tbz.ch;nJQUtAxNyNG0
Melanie.Runchman@edu.tbz.ch;nAlKHWi5Clk2
Serena.Lafond@edu.tbz.ch;uOwwOXhbV2aX
Pelagie.Desmond@edu.tbz.ch;MWNUEa1sKjgq
Wa.Spickett@edu.tbz.ch;eY7XWPXgvbEU
Po.Shave@edu.tbz.ch;uzwsKp5MpW2S
Song.Huikerby@edu.tbz.ch;2T4KL5IKqa2c
Melinda.Bimson@edu.tbz.ch;U1fU4JT0kAzu
Personnalisee.Toffanelli@edu.tbz.ch;YSgOcPnYz52B
Leandre.Hurn@edu.tbz.ch;BnLrhsBo9UpS
Osten.Standell@edu.tbz.ch;YkwaVMVIb0QR
Naelle.Smaleman@edu.tbz.ch;YKFZOrSojy2i
Berenice.Tayt@edu.tbz.ch;lJ6RMVRhfVpK
Kui.Popplewell@edu.tbz.ch;Vy3XsRXJbuzw
Melodie.Ferandez@edu.tbz.ch;BtW7PNtKOfNu
Josee.Negal@edu.tbz.ch;GoCPzLeMVyOV
Melissandre.Ferrelli@edu.tbz.ch;rAagga4oNppe
Josephine.Kemmer@edu.tbz.ch;BhZinz5rO98B
Maely.Cayette@edu.tbz.ch;E5H9ry8a9TGm
Nelie.Vela@edu.tbz.ch;IVsg47WSvJ9U
Melina.Cortes@edu.tbz.ch;NuNXZ8RS1GWK
Megane.Leyshon@edu.tbz.ch;TkFJViKVVhLG
Regine.Harrie@edu.tbz.ch;M5p8og1jgk0z
Mylene.Widdison@edu.tbz.ch;KUZyKvSBzNnk
Pelagie.Vivash@edu.tbz.ch;wY4845eIbXPg
Styrbjorn.Vicarey@edu.tbz.ch;SBPnHVQuJU17
Long.Kyles@edu.tbz.ch;cs98QkvcVy8W
Stephanie.Gipps@edu.tbz.ch;I7e9UHvGqe7A
Clea.Constantine@edu.tbz.ch;S1jeWBfSOllf
Maella.Cometto@edu.tbz.ch;vzhXUbMnPLQb
Laila.Aubrun@edu.tbz.ch;NKYRfKvWD90I
Yao.Austins@edu.tbz.ch;79KqHnHYnrdQ
Mailys.Rylstone@edu.tbz.ch;yp2caiLSQ91e
Adelie.Curuclis@edu.tbz.ch;6oeDtU1rBBx3
Celine.Longhurst@edu.tbz.ch;CP7h5o8OR7Kw
Gisele.Hazell@edu.tbz.ch;pZFOzjGaa7MB
Celestine.Ciccone@edu.tbz.ch;N8YXBesVZ1oX
Maelyss.Doole@edu.tbz.ch;tVlNpTKF3fS2
Helene.Grimsdike@edu.tbz.ch;EjuAqvYOXw2Y
Lie.Macer@edu.tbz.ch;rIW6cTH3TKcu
Maely.Izard@edu.tbz.ch;mVHaH7YacBmH
Erwei.Breewood@edu.tbz.ch;DiyUQ3WXg8DN
Chloe.Woolford@edu.tbz.ch;AG6uhV5a3NaY
Cleopatre.Turpin@edu.tbz.ch;NJP9K01BpPit
Melodie.Surgison@edu.tbz.ch;NMylILlLgUK2
Elies.Leander@edu.tbz.ch;RcemmCJfNw6Z
Mediamass.Reignould@edu.tbz.ch;875Iy74oB7n3
Celestine.Wasmuth@edu.tbz.ch;Ky6conizE3ey
Marten.Jervis@edu.tbz.ch;E7NAIlSx7zfi
Daphnee.Bour@edu.tbz.ch;2L9U7rxUjcE3
Regine.Harlett@edu.tbz.ch;wMwDnAkKs2ql
Noemie.MacAskie@edu.tbz.ch;KGMFWUE8LPvJ
Loic.Renfield@edu.tbz.ch;bRqNKpdrLZRR
Venus.Kleinert@edu.tbz.ch;eoVsDLvIyKZt
Marten.Burlay@edu.tbz.ch;s7wDVYEdubVt
Berengere.Radsdale@edu.tbz.ch;P8KCYmr23UGy
Genevieve.Duckit@edu.tbz.ch;gbZKRRgRV0wh
Maely.Ligerton@edu.tbz.ch;A8asJ5ieZxIi
Maeline.Ricciardelli@edu.tbz.ch;wvHPVTIRwRJt
Personnalisee.Yggo@edu.tbz.ch;DquXbpER5ekh
Alizee.Pettinger@edu.tbz.ch;lke37a12iG9G
Desiree.Curnnokk@edu.tbz.ch;ARgFauU0oN1r
Dorothee.Minors@edu.tbz.ch;abong217ouUC
Oceanne.Kopmann@edu.tbz.ch;Z9TlL6ZUyERD
Almerinda.Brodbin@edu.tbz.ch;g0ihephXq0Cd
Yenora.Carsberg@edu.tbz.ch;JGhpchjSxO3H
Wa.Beetles@edu.tbz.ch;CcDBNYFBFV5u
Audreanne.Abbot@edu.tbz.ch;Kc823DA8q5cj
Noemie.Capper@edu.tbz.ch;7g5KcRpQOnuJ
Mans.Abramamov@edu.tbz.ch;K24WKhOaeJjT
Audreanne.Blakey@edu.tbz.ch;dOQd4J690Jtl
Leone.Klimpke@edu.tbz.ch;M75HTMdUG7fn
Lie.Croston@edu.tbz.ch;rqkD7qbJaSxr
Anaelle.Baistow@edu.tbz.ch;K9p9cQ5DjQaA
Michele.Garwood@edu.tbz.ch;jg60iwNTC8al
Interessant.Albion@edu.tbz.ch;4My1df2snRqG
Andre.Brisco@edu.tbz.ch;6LD7FUXNsLeA
Tang.Totterdill@edu.tbz.ch;zOCHvWSJP4zW
Marie-josee.Braundt@edu.tbz.ch;vwi2gfm6HarD
Lois.Galer@edu.tbz.ch;3S4rM1GjP1RE
Faites.Pellamonuten@edu.tbz.ch;aVdriO0eJ7cS
Mai.Barfford@edu.tbz.ch;hDcs1Cc8z0z5
Laurene.MacIlory@edu.tbz.ch;jBAhmmxGjIo6
Elea.Peak@edu.tbz.ch;wE7WYgPjOeqA
Rejane.Doni@edu.tbz.ch;FI70bYlTZu0g
Mahelie.Ector@edu.tbz.ch;7GAtHayyCE8j
Rachele.Allum@edu.tbz.ch;CuHmw4sJYlAS
Laila.Gerretsen@edu.tbz.ch;IljUwlzAoBSB
Ines.Bowman@edu.tbz.ch;IwrHyVnT7xlt
Publicite.Barbary@edu.tbz.ch;XJ8DaAUUlKTX
Mailys.Smooth@edu.tbz.ch;UNmH2da30nx1
Mailis.Huguenet@edu.tbz.ch;yfx4X4KXhquu
Lea.Ewer@edu.tbz.ch;QebOlOgfAuho
